number,name_full,canonization,birth,start,end,age_start,age_end,tenure
228,Urban VII,,1521-08-04T00:00:00Z,1590-09-15T00:00:00Z,1590-09-27T00:00:00Z,69.11572448441788,69.14857936850174,0.0328767123287671
112,Boniface VI,,0806-06-30T00:00:00Z,0896-04-11T00:00:00Z,0896-04-26T00:00:00Z,89.78418448017413,89.82525308527896,0.0410958904109589
179,Celestine IV,,1180-06-30T00:00:00Z,1241-10-25T00:00:00Z,1241-11-10T00:00:00Z,61.320903235521605,61.36470974763342,0.0438356164383562
115,Theodore II,,0840-06-30T00:00:00Z,0897-12-01T00:00:00Z,0897-12-20T00:00:00Z,57.42212365756997,57.47414389070275,0.0520547945205479
87,Sisinnius,,0650-06-30T00:00:00Z,0708-01-15T00:00:00Z,0708-02-04T00:00:00Z,57.542591565877466,57.59734970601723,0.0546448087431694
222,Marcellus II,,1501-05-06T00:00:00Z,1555-04-09T00:00:00Z,1555-05-01T00:00:00Z,53.92581640964565,53.98605036379939,0.0601092896174863
151,Damasus II,,1000-06-30T00:00:00Z,1048-07-17T00:00:00Z,1048-08-09T00:00:00Z,48.04753006564132,48.11050192680206,0.063013698630137
215,Pius III,,1439-05-29T00:00:00Z,1503-09-22T00:00:00Z,1503-10-18T00:00:00Z,64.31617350116703,64.38735908334873,0.0710382513661202
232,Leo XI,,1535-06-02T00:00:00Z,1605-04-01T00:00:00Z,1605-04-27T00:00:00Z,69.83305612024887,69.90424170243058,0.0712328767123288
131,Benedict V,,0915-06-30T00:00:00Z,0964-05-22T00:00:00Z,0964-06-23T00:00:00Z,48.89628123780776,48.98389426203139,0.0876712328767123
263,John Paul I,Blessed,1912-10-17T00:00:00Z,1978-08-26T00:00:00Z,1978-09-28T00:00:00Z,65.85761514610157,65.94796607733218,0.0904109589041096
186,Adrian V,,1216-06-30T00:00:00Z,1276-07-11T00:00:00Z,1276-08-18T00:00:00Z,60.031349035230015,60.13538950149558,0.104109589041096
100,Valentine,,0780-06-30T00:00:00Z,0827-08-31T00:00:00Z,0827-10-10T00:00:00Z,47.16866191639801,47.27817819667755,0.109289617486339
19,Anterus,Saint,0180-06-30T00:00:00Z,0235-11-21T00:00:00Z,0236-01-03T00:00:00Z,55.390596658384496,55.50832665968501,0.117486338797814
146,Sylvester III,,1000-06-30T00:00:00Z,1045-01-13T00:00:00Z,1045-03-10T00:00:00Z,44.54027118968904,44.6935939820804,0.153424657534247
173,Gregory VIII,,1100-06-30T00:00:00Z,1187-10-21T00:00:00Z,1187-12-17T00:00:00Z,87.30911654585651,87.46517724525486,0.155737704918033
230,Innocent IX,,1519-07-20T00:00:00Z,1591-10-29T00:00:00Z,1591-12-30T00:00:00Z,72.2780070774896,72.4477573119229,0.169398907103825
71,Severinus,,0585-06-30T00:00:00Z,0640-05-28T00:00:00Z,0640-08-02T00:00:00Z,54.90872502515452,55.08942688761576,0.180821917808219
114,Romanus,,0850-06-30T00:00:00Z,0897-08-14T00:00:00Z,0897-11-01T00:00:00Z,47.124855404286194,47.34115005783829,0.216438356164384
118,Leo V,,0845-06-30T00:00:00Z,0903-07-30T00:00:00Z,0903-12-01T00:00:00Z,58.07922133924721,58.41872180811379,0.33879781420765
185,Innocent V,Blessed,1224-06-30T00:00:00Z,1276-01-21T00:00:00Z,1276-06-22T00:00:00Z,51.56026475560758,51.979164527676815,0.418032786885246
192,Celestine V,Saint,1215-06-30T00:00:00Z,1294-07-05T00:00:00Z,1294-12-13T00:00:00Z,79.01599622168833,79.45679924981349,0.441095890410959
165,Celestine II,,1085-06-30T00:00:00Z,1143-09-26T00:00:00Z,1144-03-08T00:00:00Z,58.23801994565255,58.68703669479866,0.448087431693989
140,John XVII,,0955-06-30T00:00:00Z,1003-05-16T00:00:00Z,1003-11-06T00:00:00Z,47.87504192420104,48.35143774341704,0.475409836065574
123,Leo VI,,0880-06-30T00:00:00Z,0928-05-28T00:00:00Z,0928-12-01T00:00:00Z,47.9078968082849,48.41988541859176,0.512328767123288
121,Lando,,0865-06-30T00:00:00Z,0913-07-07T00:00:00Z,0914-02-05T00:00:00Z,48.017413088564446,48.600587281053,0.583561643835617
97,Stephen IV,Saint,0770-06-30T00:00:00Z,0816-06-22T00:00:00Z,0817-01-24T00:00:00Z,45.980410275365,46.57179818887452,0.591780821917808
30,Marcellus I,Saint,0255-01-06T00:00:00Z,0308-05-27T00:00:00Z,0309-01-16T00:00:00Z,53.386448729268906,54.02711896890422,0.641095890410959
154,Stephen IX,Saint,1020-06-30T00:00:00Z,1057-08-02T00:00:00Z,1058-03-29T00:00:00Z,37.09042622367331,37.744785998343566,0.654794520547945
132,Leo VIII,,0915-06-30T00:00:00Z,0964-06-23T00:00:00Z,0965-03-01T00:00:00Z,48.98389426203139,49.67110892078551,0.687671232876712
22,Lucius I,Saint,0200-06-30T00:00:00Z,0253-06-25T00:00:00Z,0254-03-05T00:00:00Z,52.98671430624859,53.67940477901668,0.693150684931507
187,John XXI,,1215-06-30T00:00:00Z,1276-09-08T00:00:00Z,1277-05-20T00:00:00Z,61.19495951320013,61.89038789297521,0.695890410958904
194,Benedict XI,Blessed,1240-06-30T00:00:00Z,1303-10-22T00:00:00Z,1304-07-07T00:00:00Z,63.308623722595264,64.01774163740528,0.707650273224044
136,John XIV,,0940-06-30T00:00:00Z,0983-12-01T00:00:00Z,0984-08-20T00:00:00Z,43.42046722383074,44.14053676666872,0.718579234972678
34,Mark,Saint,0290-06-30T00:00:00Z,0336-01-18T00:00:00Z,0336-10-07T00:00:00Z,45.55055887526781,46.27062841810578,0.718579234972678
66,Boniface III,,0540-06-30T00:00:00Z,0607-02-19T00:00:00Z,0607-11-12T00:00:00Z,66.63791864309329,67.36620190695223,0.728767123287671
58,Silverius,Saint,0480-06-30T00:00:00Z,0536-06-08T00:00:00Z,0537-03-11T00:00:00Z,55.9381780597822,56.69384039371103,0.756164383561644
149,Clement II,,0967-06-30T00:00:00Z,1046-12-24T00:00:00Z,1047-10-09T00:00:00Z,79.48417831988337,80.27543344490304,0.791780821917808
229,Gregory XIV,,1535-02-11T00:00:00Z,1590-12-05T00:00:00Z,1591-10-16T00:00:00Z,55.81497224446772,56.6774129516691,0.863013698630137
81,Benedict II,Saint,0635-06-30T00:00:00Z,0684-06-26T00:00:00Z,0685-05-08T00:00:00Z,48.99210798305236,49.857286597260725,0.865753424657534
80,Leo II,Saint,0611-06-30T00:00:00Z,0682-08-17T00:00:00Z,0683-07-03T00:00:00Z,71.13356194856841,72.00969219080474,0.876712328767123
83,Conon,,0630-06-30T00:00:00Z,0686-10-21T00:00:00Z,0687-09-21T00:00:00Z,56.31053341273264,57.227732260073786,0.917808219178082
166,Lucius II,,1079-06-30T00:00:00Z,1144-03-12T00:00:00Z,1145-02-15T00:00:00Z,64.69948048214542,65.63036886452151,0.931506849315068
24,Sixtus II,Saint,0215-06-30T00:00:00Z,0257-08-30T00:00:00Z,0258-08-06T00:00:00Z,42.169243721637,43.10287001102007,0.934246575342466
57,Agapetus I,Saint,0490-06-30T00:00:00Z,0535-05-13T00:00:00Z,0536-04-22T00:00:00Z,44.86608212352068,45.81066004093171,0.942622950819672
161,Gelasius II,,1061-06-30T00:00:00Z,1118-01-24T00:00:00Z,1119-01-29T00:00:00Z,56.56789667138956,57.5809222639753,1.01369863013699
82,John V,,0635-06-30T00:00:00Z,0685-07-23T00:00:00Z,0686-08-02T00:00:00Z,50.06536752979185,51.09208265741254,1.02739726027397
113,Stephen VI,Saint,0850-06-30T00:00:00Z,0896-05-22T00:00:00Z,0897-08-14T00:00:00Z,45.89553515814836,47.124855404286194,1.23013698630137
158,Victor III,Blessed,1026-06-30T00:00:00Z,1086-05-24T00:00:00Z,1087-09-16T00:00:00Z,59.89992949889457,61.21412486224905,1.31420765027322
241,Alexander VIII,,1610-04-22T00:00:00Z,1689-10-06T00:00:00Z,1691-02-01T00:00:00Z,79.45953715682047,80.78194624119591,1.32328767123288
109,Adrian III,Saint,0830-06-30T00:00:00Z,0884-05-17T00:00:00Z,0885-09-15T00:00:00Z,53.88200989753383,55.21263270293024,1.33150684931507
31,Eusebius,Saint,0255-06-30T00:00:00Z,0309-04-18T00:00:00Z,0310-08-17T00:00:00Z,53.799872687324175,55.13049549272059,1.33150684931507
134,Benedict VI,,0925-06-30T00:00:00Z,0973-01-19T00:00:00Z,0974-06-08T00:00:00Z,47.55744471139037,48.94008774991957,1.38356164383562
168,Anastasius IV,,1073-06-30T00:00:00Z,1153-07-12T00:00:00Z,1154-12-03T00:00:00Z,80.03175972128106,81.42535438783821,1.39452054794521
108,Marinus I,,0830-06-30T00:00:00Z,0882-12-16T00:00:00Z,0884-05-15T00:00:00Z,52.46377406791378,53.87653408351985,1.41256830601093
78,Donus,,0610-06-30T00:00:00Z,0676-11-02T00:00:00Z,0678-04-11T00:00:00Z,66.34496259334551,67.78236377201448,1.43835616438356
65,Sabinian,,0530-06-30T00:00:00Z,0604-09-13T00:00:00Z,0606-02-22T00:00:00Z,74.20549361040952,75.64837060309246,1.44383561643836
148,Gregory VI,,1000-06-30T00:00:00Z,1045-05-05T00:00:00Z,1046-12-20T00:00:00Z,44.84691677447175,46.47323353662293,1.62739726027397
253,Pius VIII,,1761-11-20T00:00:00Z,1829-03-31T00:00:00Z,1830-11-30T00:00:00Z,67.35798818593126,69.02537355318726,1.66849315068493
218,Adrian VI,,1459-03-02T00:00:00Z,1522-01-09T00:00:00Z,1523-09-14T00:00:00Z,62.85686906644216,64.53520606172611,1.67945205479452
41,Zosimus,Saint,0370-06-30T00:00:00Z,0417-03-18T00:00:00Z,0418-12-26T00:00:00Z,46.7169072602449,48.49107100077346,1.77534246575342
72,John IV,,0587-06-30T00:00:00Z,0640-12-24T00:00:00Z,0642-10-12T00:00:00Z,53.485013381520496,55.28381828511195,1.8
172,Urban III,,1120-06-30T00:00:00Z,1185-11-25T00:00:00Z,1187-10-20T00:00:00Z,65.40586048994845,67.30596795279848,1.9013698630137
116,John IX,,0840-06-30T00:00:00Z,0898-01-18T00:00:00Z,0900-01-05T00:00:00Z,57.55354319390542,59.516622517916176,1.96438356164384
50,Anastasius II,,0445-06-30T00:00:00Z,0496-11-24T00:00:00Z,0498-11-19T00:00:00Z,51.40420405620923,53.389186636275895,1.98630136986301
190,Honorius IV,,1210-06-30T00:00:00Z,1285-04-02T00:00:00Z,1287-04-03T00:00:00Z,74.7585508258212,76.7599608479298,2.00273224043716
124,Stephen VII,Saint,0880-06-30T00:00:00Z,0929-02-03T00:00:00Z,0931-02-13T00:00:00Z,48.59511146703902,50.62116265221052,2.02739726027397
204,Innocent VII,,1336-06-30T00:00:00Z,1404-10-17T00:00:00Z,1406-11-06T00:00:00Z,68.29709028932832,70.3505205445697,2.05479452054795
39,Anastasius I,Saint,0340-06-30T00:00:00Z,0399-11-27T00:00:00Z,0401-12-19T00:00:00Z,59.40984414464363,61.47148812090597,2.06027397260274
55,Boniface II,,0490-06-30T00:00:00Z,0530-09-22T00:00:00Z,0532-10-17T00:00:00Z,40.22806765368214,42.29792535096546,2.06849315068493
120,Anastasius III,,0865-06-30T00:00:00Z,0911-04-14T00:00:00Z,0913-06-01T00:00:00Z,45.78601887786881,47.91884843631286,2.13150684931507
153,Victor II,,1018-06-30T00:00:00Z,1055-04-13T00:00:00Z,1057-07-28T00:00:00Z,36.78651854589759,39.07814671074697,2.29041095890411
21,Cornelius,Saint,0180-06-30T00:00:00Z,0251-03-06T00:00:00Z,0253-06-25T00:00:00Z,70.67906938540833,72.98438708529265,2.3041095890411
56,John II,,0473-06-30T00:00:00Z,0533-01-02T00:00:00Z,0535-05-08T00:00:00Z,59.50840879689521,61.852057194877375,2.34520547945206
234,Gregory XV,,1554-01-09T00:00:00Z,1621-02-09T00:00:00Z,1623-07-08T00:00:00Z,67.0869353922394,69.4935556513823,2.40821917808219
238,Clement IX,,1600-01-28T00:00:00Z,1667-06-20T00:00:00Z,1669-12-09T00:00:00Z,67.39358097702211,69.86591100433273,2.47123287671233
32,Miltiades,Saint,0270-06-30T00:00:00Z,0311-07-02T00:00:00Z,0314-01-10T00:00:00Z,41.00289533665989,43.52998350411029,2.52602739726027
79,Agatho,Saint,0577-06-30T00:00:00Z,0678-06-27T00:00:00Z,0681-01-10T00:00:00Z,100.9904378597781,103.53121556226344,2.53972602739726
104,Benedict III,,0810-06-30T00:00:00Z,0855-09-29T00:00:00Z,0858-04-17T00:00:00Z,45.249389104499066,47.79838052800537,2.54794520547945
86,John VII,,0655-06-30T00:00:00Z,0705-03-01T00:00:00Z,0707-10-18T00:00:00Z,49.66837101377852,52.29949964749447,2.63114754098361
155,Nicholas II,,0980-06-30T00:00:00Z,1058-12-06T00:00:00Z,1061-07-27T00:00:00Z,78.43282202919978,81.0721643839367,2.63835616438356
188,Nicholas III,,1216-06-30T00:00:00Z,1277-11-25T00:00:00Z,1280-08-22T00:00:00Z,61.405778352738245,64.14642326673375,2.74043715846995
53,John I,Saint,0470-06-30T00:00:00Z,0523-08-13T00:00:00Z,0526-05-18T00:00:00Z,53.11813384258404,55.88068201263544,2.76164383561644
142,Sergius IV,,0970-06-30T00:00:00Z,1009-07-31T00:00:00Z,1012-05-12T00:00:00Z,39.08362252476095,41.86533604386127,2.78142076502732
138,Gregory V,,0972-06-30T00:00:00Z,0996-05-03T00:00:00Z,0999-02-18T00:00:00Z,23.841694216855924,26.63709727099119,2.7972602739726
75,Eugene I,Saint,0615-06-30T00:00:00Z,0654-08-10T00:00:00Z,0657-06-02T00:00:00Z,39.11373950183782,41.92556999801501,2.81095890410959
244,Innocent XIII,,1655-05-13T00:00:00Z,1721-05-08T00:00:00Z,1724-03-07T00:00:00Z,65.98629677543002,68.81729262065613,2.83060109289618
68,Adeodatus I,Saint,0570-06-30T00:00:00Z,0615-11-13T00:00:00Z,0618-11-08T00:00:00Z,45.36985701280656,48.35691355743102,2.98630136986301
102,Sergius II,,0790-06-30T00:00:00Z,0844-01-25T00:00:00Z,0847-01-27T00:00:00Z,53.57262640574413,56.57884829941751,3.00547945205479
182,Urban IV,,1195-06-30T00:00:00Z,1261-08-29T00:00:00Z,1264-10-02T00:00:00Z,66.16699863789127,69.26083355578828,3.09315068493151
85,John VI,,0650-06-30T00:00:00Z,0701-10-30T00:00:00Z,0705-01-11T00:00:00Z,51.333018474027526,54.53363176519709,3.2
174,Clement III,,1130-06-30T00:00:00Z,1187-12-19T00:00:00Z,1191-03-20T00:00:00Z,57.47140598369576,60.72130160099112,3.24931506849315
127,Stephen VIII,Saint,0900-06-30T00:00:00Z,0939-07-14T00:00:00Z,0942-10-30T00:00:00Z,39.03707810564214,42.33351814205631,3.2958904109589
99,Eugene II,,0780-06-30T00:00:00Z,0824-05-08T00:00:00Z,0827-08-27T00:00:00Z,43.85579443794192,47.157710288370055,3.30327868852459
209,Callixtus III,,1378-12-31T00:00:00Z,1455-04-08T00:00:00Z,1458-08-06T00:00:00Z,76.26713758667186,79.5964325071699,3.32876712328767
23,Stephen I,Saint,0205-06-30T00:00:00Z,0254-03-12T00:00:00Z,0257-08-02T00:00:00Z,48.69915193330458,52.09141871496335,3.39178082191781
94,Stephen III,Saint,0723-06-30T00:00:00Z,0768-08-07T00:00:00Z,0772-01-24T00:00:00Z,45.10701794013566,48.57047030397612,3.46448087431694
117,Benedict IV,,0840-06-30T00:00:00Z,0900-02-01T00:00:00Z,0903-07-30T00:00:00Z,59.59054600710487,63.07863953400823,3.49041095890411
128,Marinus II,,0900-06-30T00:00:00Z,0942-10-30T00:00:00Z,0946-05-01T00:00:00Z,42.33351814205631,45.83530120399461,3.5013698630137
126,Leo VII,,0885-06-30T00:00:00Z,0936-01-03T00:00:00Z,0939-07-13T00:00:00Z,50.50890846492399,54.0325947829182,3.52328767123288
42,Boniface I,Saint,0377-06-30T00:00:00Z,0418-12-28T00:00:00Z,0422-09-04T00:00:00Z,41.49571859791782,45.18094142932435,3.68493150684932
183,Clement IV,,1190-11-23T00:00:00Z,1265-02-05T00:00:00Z,1268-11-29T00:00:00Z,74.20549361040952,78.01939807114451,3.81420765027322
9,Hyginus,Saint,0074-06-30T00:00:00Z,0136-01-05T00:00:00Z,0140-01-11T00:00:00Z,61.51529463301779,65.53180421226993,4.01639344262295
189,Martin IV,,1210-06-30T00:00:00Z,1281-02-22T00:00:00Z,1285-03-28T00:00:00Z,70.65169031533844,74.74486129078626,4.09315068493151
139,Sylvester II,,0940-06-30T00:00:00Z,0999-04-02T00:00:00Z,1003-05-12T00:00:00Z,58.755484369973374,62.862344880456135,4.10928961748634
191,Nicholas IV,,1227-09-30T00:00:00Z,1288-02-22T00:00:00Z,1292-04-04T00:00:00Z,60.39822857416648,64.51330280567021,4.11475409836066
62,Benedict I,,0525-06-30T00:00:00Z,0575-06-02T00:00:00Z,0579-07-30T00:00:00Z,49.922996365428446,54.081877109044,4.15846994535519
77,Adeodatus II,,0621-06-30T00:00:00Z,0672-04-11T00:00:00Z,0676-06-17T00:00:00Z,50.78269916562284,54.96622107230128,4.18356164383562
54,Felix IV,Saint,0490-06-30T00:00:00Z,0526-07-12T00:00:00Z,0530-09-22T00:00:00Z,36.03085621196876,40.22806765368214,4.1972602739726
171,Lucius III,,1097-06-30T00:00:00Z,1181-09-01T00:00:00Z,1185-11-25T00:00:00Z,84.17147511584768,88.40427934865193,4.23287671232877
223,Paul IV,,1476-06-28T00:00:00Z,1555-05-23T00:00:00Z,1559-08-18T00:00:00Z,78.89826622038782,83.13654626720603,4.23770491803279
184,Gregory X,Blessed,1210-06-30T00:00:00Z,1271-09-01T00:00:00Z,1276-01-10T00:00:00Z,61.17305625714423,65.53180421226993,4.35792349726776
111,Formosus,,0805-06-30T00:00:00Z,0891-10-06T00:00:00Z,0896-04-04T00:00:00Z,86.26871188320088,90.76435518867602,4.49453551912568
261,John XXIII,Saint,1881-11-25T00:00:00Z,1958-10-28T00:00:00Z,1963-06-03T00:00:00Z,76.92149736134212,81.51844322607583,4.5972602739726
125,John XI,,0910-06-30T00:00:00Z,0931-03-15T00:00:00Z,0935-12-01T00:00:00Z,20.70679069385408,25.42146655988829,4.71311475409836
49,Gelasius I,Saint,0410-06-30T00:00:00Z,0492-03-01T00:00:00Z,0496-11-21T00:00:00Z,81.67176601846718,86.39739351252935,4.72602739726027
169,Adrian IV,,1100-06-30T00:00:00Z,1154-12-04T00:00:00Z,1159-09-01T00:00:00Z,54.429591298931534,59.17164623503562,4.74246575342466
16,Callixtus I,Saint,0155-06-30T00:00:00Z,0217-12-20T00:00:00Z,0222-10-14T00:00:00Z,62.47356208546377,67.28954051075655,4.81643835616438
60,Pelagius I,,0505-06-30T00:00:00Z,0556-04-16T00:00:00Z,0561-03-04T00:00:00Z,50.79638870065778,55.67807689411829,4.88219178082192
106,Adrian II,,0792-06-30T00:00:00Z,0867-12-14T00:00:00Z,0872-12-14T00:00:00Z,75.45671711260327,80.45887321437127,5.0
92,Stephen II,Saint,0714-06-30T00:00:00Z,0752-03-26T00:00:00Z,0757-04-26T00:00:00Z,37.73931018432959,42.82360349630725,5.08493150684932
18,Pontian,Saint,0175-06-30T00:00:00Z,0230-08-21T00:00:00Z,0235-09-28T00:00:00Z,55.14144712074855,60.24490578177512,5.10382513661202
221,Julius III,,1487-09-10T00:00:00Z,1550-02-07T00:00:00Z,1555-03-29T00:00:00Z,62.41059022430303,67.54690376941348,5.13698630136986
163,Honorius II,,1060-02-09T00:00:00Z,1124-12-21T00:00:00Z,1130-02-13T00:00:00Z,64.86375490256474,70.01102007570313,5.14794520547945
152,Leo IX,Saint,1002-07-21T00:00:00Z,1049-02-12T00:00:00Z,1054-04-19T00:00:00Z,46.56632237486054,51.7464424320828,5.18082191780822
227,Sixtus V,,1521-12-13T00:00:00Z,1585-04-24T00:00:00Z,1590-08-27T00:00:00Z,63.36338186273503,68.70503843336961,5.34246575342466
249,Clement XIV,,1705-10-31T00:00:00Z,1769-05-19T00:00:00Z,1774-09-22T00:00:00Z,63.54955953921025,68.89395401685182,5.34520547945206
252,Leo XII,,1760-08-22T00:00:00Z,1823-09-28T00:00:00Z,1829-02-10T00:00:00Z,63.09780488305714,68.46957843076859,5.36986301369863
141,John XVIII,,0965-06-30T00:00:00Z,1003-12-25T00:00:00Z,1009-07-18T00:00:00Z,38.48402089023046,44.04744792843111,5.56164383561644
245,Benedict XIII,Servant of God,1649-02-02T00:00:00Z,1724-05-29T00:00:00Z,1730-02-21T00:00:00Z,75.31708385524685,81.05026112788079,5.73424657534247
69,Boniface V,,0575-06-30T00:00:00Z,0619-12-23T00:00:00Z,0625-10-25T00:00:00Z,44.48003723553529,50.31999288144178,5.83835616438356
162,Callixtus II,,1060-06-30T00:00:00Z,1119-02-02T00:00:00Z,1124-12-13T00:00:00Z,58.59120994955406,64.45306885151646,5.86065573770492
5,Evaristus,Saint,0030-06-30T00:00:00Z,0099-11-23T00:00:00Z,0105-10-27T00:00:00Z,69.40046681314469,75.32529757626781,5.92602739726027
224,Pius IV,,1499-03-31T00:00:00Z,1559-12-26T00:00:00Z,1565-12-09T00:00:00Z,60.73772904303305,66.69267678323305,5.95342465753425
110,Stephen V,Saint,0840-06-30T00:00:00Z,0885-09-14T00:00:00Z,0891-09-04T00:00:00Z,45.20832049939424,51.179695681636176,5.97260273972603
26,Felix I,Saint,0206-06-30T00:00:00Z,0269-01-05T00:00:00Z,0274-12-30T00:00:00Z,62.52010650458257,68.50243331485245,5.98356164383562
210,Pius II,,1405-10-18T00:00:00Z,1458-08-19T00:00:00Z,1464-08-15T00:00:00Z,52.83612942086422,58.82666995215507,5.98907103825137
239,Clement X,,1590-07-13T00:00:00Z,1670-04-29T00:00:00Z,1676-07-22T00:00:00Z,79.79629971868005,86.0277760665859,6.23013698630137
46,Hilary,Saint,0400-06-30T00:00:00Z,0461-11-19T00:00:00Z,0468-02-29T00:00:00Z,61.38935091069632,67.66737167772096,6.27868852459016
225,Pius V,Saint,1504-01-17T00:00:00Z,1566-01-07T00:00:00Z,1572-05-01T00:00:00Z,61.97526301019186,68.28887656830736,6.31420765027322
74,Martin I,Saint,0590-06-30T00:00:00Z,0649-07-05T00:00:00Z,0655-11-12T00:00:00Z,59.01284762863029,65.36752979185061,6.3551912568306
181,Alexander IV,,1199-06-30T00:00:00Z,1254-12-12T00:00:00Z,1261-05-25T00:00:00Z,55.45356851954524,61.90407742801016,6.44931506849315
73,Theodore I,,0610-06-30T00:00:00Z,0642-11-24T00:00:00Z,0649-05-14T00:00:00Z,32.40312942770899,38.87280368522283,6.46849315068493
67,Boniface IV,Saint,0550-06-30T00:00:00Z,0608-09-15T00:00:00Z,0615-05-08T00:00:00Z,58.21064087558266,64.85280327453678,6.64383561643836
175,Celestine III,,1106-06-30T00:00:00Z,1191-03-30T00:00:00Z,1198-01-08T00:00:00Z,84.74917349432226,91.5282312436258,6.77808219178082
211,Paul II,,1417-02-23T00:00:00Z,1464-08-30T00:00:00Z,1471-07-26T00:00:00Z,47.51637610628555,54.41863967090357,6.9041095890411
133,John XIII,,0930-06-30T00:00:00Z,0965-10-01T00:00:00Z,0972-09-06T00:00:00Z,35.25602852899101,42.18840907068592,6.93169398907104
88,Constantine,,0664-06-30T00:00:00Z,0708-03-25T00:00:00Z,0715-04-09T00:00:00Z,43.73258862262743,50.77174753759488,7.04098360655738
98,Paschal I,Saint,0775-06-30T00:00:00Z,0817-01-25T00:00:00Z,0824-02-11T00:00:00Z,41.575117901120485,48.61975263010192,7.04644808743169
119,Sergius III,,0860-06-30T00:00:00Z,0904-01-29T00:00:00Z,0911-04-14T00:00:00Z,43.57926583023608,50.78543707262983,7.2054794520548
201,Gregory XI,,1329-06-30T00:00:00Z,1370-12-30T00:00:00Z,1378-03-27T00:00:00Z,41.5011944119318,48.74022053840941,7.23835616438356
197,Benedict XII,,1280-06-30T00:00:00Z,1334-12-20T00:00:00Z,1342-04-25T00:00:00Z,54.47065990403636,61.816464403786526,7.34520547945206
258,Benedict XV,,1854-11-21T00:00:00Z,1914-09-03T00:00:00Z,1922-01-22T00:00:00Z,59.782199497594064,67.16907260244906,7.38630136986301
17,Urban I,Saint,0175-06-30T00:00:00Z,0222-10-14T00:00:00Z,0230-05-23T00:00:00Z,47.28912982470551,54.895035490119575,7.60547945205479
29,Marcellinus,Saint,0250-06-30T00:00:00Z,0296-06-30T00:00:00Z,0304-04-26T00:00:00Z,46.0023135314209,53.82177594338008,7.8224043715847
265,Benedict XVI,,1927-04-16T00:00:00Z,2005-04-19T00:00:00Z,2013-02-28T00:00:00Z,78.01118435012354,85.87445327419454,7.86301369863014
213,Innocent VIII,,1432-06-30T00:00:00Z,1484-08-29T00:00:00Z,1492-07-25T00:00:00Z,52.16534220415203,60.06967973332786,7.90437158469945
12,Soter,Saint,0119-06-30T00:00:00Z,0166-04-20T00:00:00Z,0174-04-22T00:00:00Z,46.807258191475526,54.81289827990992,8.0054794520548
208,Nicholas V,,1397-11-13T00:00:00Z,1447-03-06T00:00:00Z,1455-03-24T00:00:00Z,49.30696728885604,57.35641388940225,8.04918032786885
44,Sixtus III,Saint,0390-06-30T00:00:00Z,0432-07-31T00:00:00Z,0440-08-18T00:00:00Z,42.087106511427336,50.13655311197355,8.04931506849315
130,John XII,,0934-06-30T00:00:00Z,0955-12-16T00:00:00Z,0964-05-14T00:00:00Z,21.46245302778291,29.873303353251607,8.199863107460644
200,Urban V,Blessed,1309-06-30T00:00:00Z,1362-09-28T00:00:00Z,1370-12-19T00:00:00Z,53.2468154719125,61.47148812090597,8.22465753424658
103,Leo IV,Saint,0790-06-30T00:00:00Z,0847-04-10T00:00:00Z,0855-07-17T00:00:00Z,56.77871551092767,65.04719467203296,8.26775956284153
167,Eugene III,Blessed,1080-06-30T00:00:00Z,1145-02-15T00:00:00Z,1153-07-08T00:00:00Z,64.62829489996372,73.0199798763835,8.39178082191781
144,John XIX,,0975-06-30T00:00:00Z,1024-05-14T00:00:00Z,1032-10-06T00:00:00Z,48.87164007474486,57.26880086517861,8.3972602739726
205,Gregory XII,,1327-06-30T00:00:00Z,1406-11-30T00:00:00Z,1415-07-04T00:00:00Z,79.41846855171563,88.01002073964558,8.59178082191781
217,Leo X,,1475-12-11T00:00:00Z,1513-03-09T00:00:00Z,1521-12-01T00:00:00Z,37.24101110905768,45.97219655434403,8.73150684931507
135,Benedict VII,,0930-06-30T00:00:00Z,0974-10-01T00:00:00Z,0983-07-10T00:00:00Z,44.25552886096224,53.02778291135341,8.77260273972603
193,Boniface VIII,,1230-06-30T00:00:00Z,1294-12-24T00:00:00Z,1303-10-11T00:00:00Z,64.48592373560032,73.2800810420474,8.7972602739726
195,Clement V,,1264-06-30T00:00:00Z,1305-06-05T00:00:00Z,1314-04-20T00:00:00Z,40.9289718474712,49.80252845712095,8.87397260273973
27,Eutychian,Saint,0240-06-30T00:00:00Z,0275-01-04T00:00:00Z,0283-12-07T00:00:00Z,34.51405573009713,43.43689466587267,8.92328767123288
48,Felix III,Saint,0440-06-30T00:00:00Z,0483-03-13T00:00:00Z,0492-03-01T00:00:00Z,42.700397680992765,51.66978103588711,8.9672131147541
52,Hormisdas,Saint,0450-06-30T00:00:00Z,0514-07-20T00:00:00Z,0523-08-06T00:00:00Z,64.05333442849613,73.09937917958617,9.04644808743169
242,Innocent XII,,1615-03-13T00:00:00Z,1691-07-12T00:00:00Z,1700-09-27T00:00:00Z,76.33284735483959,85.54316652634893,9.21095890410959
216,Julius II,,1443-12-05T00:00:00Z,1503-10-31T00:00:00Z,1513-02-21T00:00:00Z,59.90266740590156,69.21428913666948,9.30958904109589
25,Dionysius,Saint,0200-06-30T00:00:00Z,0259-07-22T00:00:00Z,0268-12-26T00:00:00Z,59.0593920477491,68.4914816868245,9.43013698630137
129,Agapetus II,,0905-06-30T00:00:00Z,0946-05-10T00:00:00Z,0955-11-08T00:00:00Z,40.860524172296486,50.35832357953962,9.49726775956284
6,Alexander I,Saint,0075-06-30T00:00:00Z,0105-10-27T00:00:00Z,0115-05-03T00:00:00Z,30.32505800940471,39.83928485868977,9.51506849315068
105,Nicholas I,Saint,0800-06-30T00:00:00Z,0858-04-24T00:00:00Z,0867-11-13T00:00:00Z,57.81638226657631,67.3716777209662,9.55464480874317
246,Clement XII,,1652-04-07T00:00:00Z,1730-07-12T00:00:00Z,1740-02-06T00:00:00Z,78.2603338877595,87.83205678419132,9.57103825136612
199,Innocent VI,,1282-06-30T00:00:00Z,1352-12-18T00:00:00Z,1362-09-12T00:00:00Z,70.4682505458702,80.20150995571436,9.73424657534247
43,Celestine I,Saint,0380-06-30T00:00:00Z,0422-09-10T00:00:00Z,0432-07-27T00:00:00Z,42.19662279170688,52.074991272921416,9.87704918032787
7,Sixtus I,Saint,0042-06-30T00:00:00Z,0115-05-03T00:00:00Z,0125-04-03T00:00:00Z,72.83927801392225,82.75871510024162,9.91780821917808
107,John VIII,,0820-06-30T00:00:00Z,0872-12-14T00:00:00Z,0882-12-16T00:00:00Z,52.458298253899805,62.462610457435815,10.0054794520548
93,Paul I,Saint,0700-06-30T00:00:00Z,0757-05-29T00:00:00Z,0767-06-28T00:00:00Z,56.91287295427011,66.99384655400179,10.0819672131148
14,Victor I,Saint,0120-06-30T00:00:00Z,0189-05-26T00:00:00Z,0199-07-28T00:00:00Z,68.90490564487978,79.07623017584207,10.172602739726
63,Pelagius II,,0520-06-30T00:00:00Z,0579-11-26T00:00:00Z,0590-02-07T00:00:00Z,59.40710623763664,69.60854774567582,10.2
91,Zachary,Saint,0679-06-30T00:00:00Z,0741-12-03T00:00:00Z,0752-03-22T00:00:00Z,62.42701766634496,72.72702382663573,10.3005464480874
236,Innocent X,,1574-05-06T00:00:00Z,1644-09-15T00:00:00Z,1655-01-07T00:00:00Z,70.36421007960465,80.67516786792336,10.3123287671233
248,Clement XIII,,1693-03-07T00:00:00Z,1758-07-06T00:00:00Z,1769-02-02T00:00:00Z,65.32919909375278,75.90847176875637,10.5780821917808
198,Clement VI,,1291-06-30T00:00:00Z,1342-05-07T00:00:00Z,1352-12-06T00:00:00Z,50.851146840797554,61.435895329815125,10.5835616438356
137,John XV,,0950-06-30T00:00:00Z,0985-08-20T00:00:00Z,0996-04-01T00:00:00Z,35.1410364346975,45.75590190079194,10.6147540983607
177,Honorius III,,1148-06-30T00:00:00Z,1216-07-18T00:00:00Z,1227-03-18T00:00:00Z,68.05067865869935,78.71482645091959,10.6657534246575
90,Gregory III,Saint,0669-06-30T00:00:00Z,0731-03-18T00:00:00Z,0741-11-28T00:00:00Z,61.71242393752096,72.41216452083205,10.6986301369863
8,Telesphorus,Saint,0067-06-30T00:00:00Z,0125-04-03T00:00:00Z,0136-01-05T00:00:00Z,57.75888621942956,68.5161228498874,10.7568306010929
11,Anicetus,Saint,0092-06-30T00:00:00Z,0155-07-11T00:00:00Z,0166-04-20T00:00:00Z,63.026619300875446,73.80302128038221,10.7753424657534
219,Clement VII,,1478-05-26T00:00:00Z,1523-11-26T00:00:00Z,1534-09-25T00:00:00Z,45.501276549142005,56.33243666878855,10.8301369863014
266,Francis,,1936-12-17T00:00:00Z,2013-03-13T00:00:00Z,2025-04-21T00:00:00Z,76.23702060959499,88.34404539449818,11.0
214,Alexander VI,,1431-01-01T00:00:00Z,1492-08-11T00:00:00Z,1503-08-18T00:00:00Z,61.61112137826239,72.62572126737716,11.0191256830601
257,Pius X,Saint,1835-06-02T00:00:00Z,1903-08-04T00:00:00Z,1914-08-20T00:00:00Z,68.17114656700684,79.21586343319849,11.0438356164384
159,Urban II,Blessed,1042-06-30T00:00:00Z,1088-03-12T00:00:00Z,1099-07-29T00:00:00Z,45.701143760652165,57.079885281696406,11.3808219178082
180,Innocent IV,,1195-06-30T00:00:00Z,1243-06-25T00:00:00Z,1254-12-07T00:00:00Z,47.98729611148757,59.4399611217205,11.4520547945205
202,Urban VI,,1318-06-30T00:00:00Z,1378-04-08T00:00:00Z,1389-10-15T00:00:00Z,59.7739857765731,71.29509846198074,11.5205479452055
156,Alexander II,,1018-06-30T00:00:00Z,1061-09-30T00:00:00Z,1073-04-21T00:00:00Z,43.25345489640444,54.810160372902935,11.5561643835616
4,Clement I,Saint,0035-06-30T00:00:00Z,0088-04-26T00:00:00Z,0099-11-23T00:00:00Z,52.82517779283626,64.40104861838367,11.5780821917808
143,Benedict VIII,,0980-06-30T00:00:00Z,1012-05-18T00:00:00Z,1024-04-09T00:00:00Z,31.880189189374185,43.77365722773226,11.8934426229508
157,Gregory VII,Saint,1015-06-30T00:00:00Z,1073-04-22T00:00:00Z,1085-05-25T00:00:00Z,57.81364435956933,69.90424170243058,12.0904109589041
237,Alexander VII,,1599-02-13T00:00:00Z,1655-04-07T00:00:00Z,1667-05-22T00:00:00Z,56.14625899231333,68.26971121925844,12.1229508196721
145,Benedict IX,,1012-06-30T00:00:00Z,1032-10-21T00:00:00Z,1044-12-31T00:00:00Z,20.30979417784075,32.50443198696756,12.1945205479452
28,Caius,Saint,0245-06-30T00:00:00Z,0283-12-17T00:00:00Z,0296-04-22T00:00:00Z,38.46485554118154,50.81281614269971,12.3469945355191
240,Innocent XI,Blessed,1611-05-16T00:00:00Z,1676-09-21T00:00:00Z,1689-08-12T00:00:00Z,65.35384025681567,78.24390644571757,12.8904109589041
226,Gregory XIII,,1502-01-07T00:00:00Z,1572-05-13T00:00:00Z,1585-04-10T00:00:00Z,70.34778263756272,83.25701417551353,12.9095890410959
70,Honorius I,,0585-06-30T00:00:00Z,0625-10-27T00:00:00Z,0638-10-12T00:00:00Z,40.32389439892674,53.28240826300335,12.958904109589
61,John III,,0520-06-30T00:00:00Z,0561-07-17T00:00:00Z,0574-07-13T00:00:00Z,41.0467018487717,54.035332689925184,12.9890410958904
2,Linus,Saint,0010-06-30T00:00:00Z,0064-01-01T00:00:00Z,0076-12-31T00:00:00Z,53.5069166375764,66.50649910675784,12.9972677595628
3,Anacletus,Saint,0016-06-30T00:00:00Z,0076-01-01T00:00:00Z,0088-12-31T00:00:00Z,59.50567088988822,72.50525335906966,12.9972677595628
212,Sixtus IV,,1414-07-21T00:00:00Z,1471-08-09T00:00:00Z,1484-08-12T00:00:00Z,57.05250621162652,70.06304030883591,13.0082191780822
231,Clement VIII,,1536-02-24T00:00:00Z,1592-01-30T00:00:00Z,1605-03-03T00:00:00Z,55.93270224576822,69.02263564618028,13.0876712328767
206,Martin V,,1369-06-30T00:00:00Z,1417-11-11T00:00:00Z,1431-02-20T00:00:00Z,48.36512727845199,61.64123835533926,13.2767123287671
64,Gregory I,Saint,0540-06-30T00:00:00Z,0590-09-03T00:00:00Z,0604-03-12T00:00:00Z,50.17762171707838,63.69740651758763,13.5218579234973
164,Innocent II,,1082-06-30T00:00:00Z,1130-02-14T00:00:00Z,1143-09-24T00:00:00Z,47.62589238656509,61.23329021129797,13.6082191780822
84,Sergius I,Saint,0650-06-30T00:00:00Z,0687-12-15T00:00:00Z,0701-09-08T00:00:00Z,37.46004366961676,51.19064730966413,13.7315068493151
20,Fabian,Saint,0200-06-30T00:00:00Z,0236-01-10T00:00:00Z,0250-01-20T00:00:00Z,35.52981922968986,49.558854733498976,14.027397260274
122,John X,,0860-06-30T00:00:00Z,0914-03-01T00:00:00Z,0928-05-28T00:00:00Z,53.66571524398174,67.90830749433596,14.241095890411
36,Liberius,,0310-06-30T00:00:00Z,0352-05-17T00:00:00Z,0366-09-24T00:00:00Z,41.8817634859032,56.236609923543945,14.3561643835616
178,Gregory IX,,1145-06-30T00:00:00Z,1227-03-19T00:00:00Z,1241-08-22T00:00:00Z,81.71831043758598,96.14708036441542,14.427397260274
76,Vitalian,Saint,0600-06-30T00:00:00Z,0657-07-30T00:00:00Z,0672-01-27T00:00:00Z,57.082623188703394,71.57710288370055,14.4945355191257
203,Boniface IX,,1348-06-30T00:00:00Z,1389-11-02T00:00:00Z,1404-10-01T00:00:00Z,41.34239580552647,56.25303736558588,14.9125683060109
38,Siricius,Saint,0334-06-30T00:00:00Z,0384-12-17T00:00:00Z,0399-11-26T00:00:00Z,50.46783985981916,65.40859839695544,14.9424657534247
47,Simplicius,Saint,0430-06-30T00:00:00Z,0468-03-03T00:00:00Z,0483-03-10T00:00:00Z,37.67633832316885,52.693758256500814,15.0191256830601
220,Paul III,,1468-02-29T00:00:00Z,1534-10-13T00:00:00Z,1549-11-10T00:00:00Z,66.61875329404437,81.69640718153008,15.0767123287671
13,Eleutherius,Saint,0130-06-30T00:00:00Z,0174-04-22T00:00:00Z,0189-05-26T00:00:00Z,43.811987925830095,58.90606925535774,15.0931506849315
262,Paul VI,Saint,1897-09-26T00:00:00Z,1963-06-21T00:00:00Z,1978-08-06T00:00:00Z,65.73167142378009,80.8586076373916,15.1260273972603
35,Julius I,Saint,0280-06-30T00:00:00Z,0337-02-06T00:00:00Z,0352-04-12T00:00:00Z,56.6034894624804,71.78244590922469,15.1803278688525
40,Innocent I,Saint,0378-06-30T00:00:00Z,0401-12-21T00:00:00Z,0417-03-12T00:00:00Z,23.477552584926453,38.70031554378255,15.2219178082192
254,Gregory XVI,,1765-09-18T00:00:00Z,1831-02-02T00:00:00Z,1846-06-01T00:00:00Z,65.37300560586459,80.69980903098626,15.3260273972603
10,Pius I,Saint,0081-06-30T00:00:00Z,0140-01-11T00:00:00Z,0155-07-11T00:00:00Z,58.53097599540032,74.02752965495527,15.4958904109589
51,Symmachus,Saint,0460-06-30T00:00:00Z,0498-11-22T00:00:00Z,0514-07-19T00:00:00Z,38.39640786600683,54.049022224960126,15.6547945205479
233,Paul V,,1550-09-17T00:00:00Z,1605-05-16T00:00:00Z,1621-01-28T00:00:00Z,54.66231339452556,70.36694798661163,15.7041095890411
89,Gregory II,Saint,0669-06-30T00:00:00Z,0715-05-19T00:00:00Z,0731-02-11T00:00:00Z,45.88184562311341,61.616597192276366,15.7342465753425
207,Eugene IV,,1383-06-30T00:00:00Z,1431-03-03T00:00:00Z,1447-02-23T00:00:00Z,47.67243680568389,63.65086209846883,15.9780821917808
101,Gregory IV,,0790-06-30T00:00:00Z,0827-12-20T00:00:00Z,0844-01-25T00:00:00Z,37.4737332046517,53.57262640574413,16.0983606557377
259,Pius XI,,1857-05-31T00:00:00Z,1922-02-06T00:00:00Z,1939-02-10T00:00:00Z,64.68579094711048,81.69640718153008,17.0109589041096
247,Benedict XIV,,1675-03-31T00:00:00Z,1740-08-17T00:00:00Z,1758-05-03T00:00:00Z,65.38121932688556,83.09000184808723,17.7095890410959
59,Vigilius,,0500-06-30T00:00:00Z,0537-03-29T00:00:00Z,0555-06-07T00:00:00Z,36.74544994079276,54.93610409522441,18.1912568306011
37,Damasus I,Saint,0305-06-30T00:00:00Z,0366-10-01T00:00:00Z,0384-12-11T00:00:00Z,61.25519346735388,79.4513234357995,18.1945205479452
196,John XXII,,1244-06-30T00:00:00Z,1316-08-07T00:00:00Z,1334-12-04T00:00:00Z,72.10278102904235,90.42759262681643,18.3260273972603
15,Zephyrinus,Saint,0160-06-30T00:00:00Z,0199-07-28T00:00:00Z,0217-12-20T00:00:00Z,39.07540880373998,57.47140598369576,18.3972602739726
160,Paschal II,,1050-06-30T00:00:00Z,1099-08-13T00:00:00Z,1118-01-21T00:00:00Z,49.12078961238081,67.56059330444842,18.441095890411
176,Innocent III,,1161-06-30T00:00:00Z,1198-01-08T00:00:00Z,1216-07-16T00:00:00Z,36.52641738023368,55.04562037550394,18.5191256830601
260,Pius XII,Venerable,1876-03-02T00:00:00Z,1939-03-02T00:00:00Z,1958-10-09T00:00:00Z,62.99650232379857,82.60265440084328,19.6054794520548
243,Clement XI,,1649-07-23T00:00:00Z,1700-11-23T00:00:00Z,1721-03-19T00:00:00Z,51.335756381034514,71.65376427989624,20.3178082191781
96,Leo III,Saint,0750-06-30T00:00:00Z,0795-12-26T00:00:00Z,0816-06-12T00:00:00Z,45.49032492111405,65.95344189134616,20.4617486338798
235,Urban VIII,,1568-04-05T00:00:00Z,1623-08-06T00:00:00Z,1644-07-29T00:00:00Z,55.33583851824473,76.31641991279766,20.9781420765027
45,Leo I,Saint,0390-06-30T00:00:00Z,0440-09-29T00:00:00Z,0461-11-10T00:00:00Z,50.25154520626707,71.36628404416244,21.1150684931507
33,Sylvester I,Saint,0285-06-30T00:00:00Z,0314-01-31T00:00:00Z,0335-12-31T00:00:00Z,28.58648705996701,50.50069474390303,21.9150684931507
170,Alexander III,,1100-06-30T00:00:00Z,1159-09-07T00:00:00Z,1181-08-30T00:00:00Z,59.188073677077554,81.1679911291813,21.9780821917808
251,Pius VII,Servant of God,1742-08-14T00:00:00Z,1800-03-14T00:00:00Z,1823-08-20T00:00:00Z,57.5809222639753,81.01466833678994,23.4344262295082
95,Adrian I,,0700-06-30T00:00:00Z,0772-02-01T00:00:00Z,0795-12-26T00:00:00Z,71.59079241873549,95.48998268273816,23.8986301369863
250,Pius VI,,1717-12-25T00:00:00Z,1775-02-15T00:00:00Z,1799-08-29T00:00:00Z,57.14285714285714,81.67724183248116,24.5342465753425
256,Leo XIII,,1810-03-02T00:00:00Z,1878-02-20T00:00:00Z,1903-07-20T00:00:00Z,67.97401726250368,93.38179428735702,25.4109589041096
264,John Paul II,Saint,1920-05-18T00:00:00Z,1978-10-16T00:00:00Z,2005-04-02T00:00:00Z,58.41324599409981,84.87511721664373,26.4602739726027
255,Pius IX,Blessed,1792-05-13T00:00:00Z,1846-06-16T00:00:00Z,1878-02-07T00:00:00Z,54.09009083006496,85.73755792384512,31.6465753424658
1,Peter,Saint,0001-06-30T00:00:00Z,0030-01-01T00:00:00Z,0064-12-31T00:00:00Z,28.507087756764346,63.50575302709844,34.9972677595628
